{"cameraMode":{"drawMode":0,"name":"Shaded","section":"Shading Mode"},"sceneLighting":true,"audioPlay":false,"sceneViewState":{"showFog":true,"showMaterialUpdate":false,"showSkybox":true,"showFlares":true,"showImageEffects":true,"showParticleSystems":true},"in2DMode":false,"pivot":{"x":0.0,"y":-0.12651771306991578,"z":-0.8490824699401856},"rotation":{"x":0.07062032073736191,"y":0.9179730415344238,"z":-0.3408206105232239,"w":0.1902095228433609},"size":0.8354803919792175,"orthographic":false}